pageno	times	org1	pdept	bgtyy	org	item	srcid	workid	obj	seq	sexual	sextitle	sexamt	sexlamt	stdcd	una1	cqty1	una2	cqty2	una3	cqty3	una4	cqty4	pqty	prc	preamt	amt	lawamt	lamt	amt1	amt2	note	udept	ocd1	ocd2	mcd	acd	kort	eno	pmnote	bystd	statcd	bybase	newitem	sno	hticode	pticode	mticode	scode	man	sysdat	usno
1-1-25	0	01101		103	01101	1	110101002		0201	001			0	0		人	96	月	12		0		0		445	512640	512640	512640	512640	0	0	編制內人員一般經常費。									0	201	122	0	0008				0001		1020521	BGT
1-1-25	0	01101		103	01101	1	110101002		0201	002			0	0		人	26	月	12		0		0		160	49920	49920	49920	49920	0	0	約聘僱人員、駐衛警一般經常費。									0	201	122	0	0009				0001		1020521	BGT
1-1-25	0	01101		103	01101	1	110101002		0201	003			0	0		人	46	月	12		0		0	46.00×12.00	80	44160	44160	44160	46080	0	0	技工、駕駛、工友一般經常費。									0	201	122	0	0010				0001		1020521	BGT
1-1-25	0	01101		103	01101	1	110101002		0201	004			0	0		人	43	月	12		0		0		80	41280	41280	41280	41280	0	0	臨時工一般經常費。									0	201	122	0	0011				0001		1020521	BGT
2-1-29	0	02101		103	02101	1	120101002		0201	001			0	0	1601	人	151	月	12		0		0	151.00×12.00	445	806340	806340	806340	806340	0	0	職員151人，按每人每月445元編列。									1	201	122	0	0026				0001	劉秋芬	1020402	BGT
2-1-29	0	02101		103	02101	1	120101002		0201	002			0	0	1602	人	21	月	12		0		0	21.00×12.00	160	40320	40320	40320	38400	0	0	約聘僱21人，按每人每月160元編列。								新增聘用研究員1人	1	201	122	0	0027				0001	劉秋芬	1020802	BGT
2-1-30	0	02101		103	02101	1	120101002		0201	003			0	0	1603	人	42	月	12		0		0	42.00×12.00	80	40320	40320	40320	41280	0	0	駕駛、技工、工友共42人，按每人每月80元編列。								核實減列技工1人	1	201	122	0	0028				0001	劉秋芬	1020402	BGT
2-2-28	0	02102		103	02102	1	120101002		0201	001			0	0	1601	人	54	月	12		0		0	54.00×12.00	445	288360	288360	288360	288360	0	0	職員54人，按每人每月445元編列。									1	201	122	0	0014				0001	王子建	1020416	BGT
2-2-28	0	02102		103	02102	1	120101002		0201	002			0	0	1602	人	70	月	12		0		0	70.00×12.00	160	134400	134400	134400	134400	0	0	駐警70人，按每人每月160元編列。									1	201	122	0	0015				0001	王子建	1020416	BGT
2-2-28	0	02102		103	02102	1	120101002		0201	003			0	0	1603	人	13	月	12		0		0	13.00×12.00	80	12480	12480	12480	12480	0	0	技工、工友、駕駛共13人，按每人每月80元編列。									1	201	122	0	0016				0001	王子建	1020416	BGT
2-3-23	0	02103		103	02103	1	120101002		0201	001			0	0		人	146	月	12		0		0	146.00×12.00	445	779640	779640	779640	779640	0	0	職員146人，按每人每月445元編列。									0	201	122	0	0015				0001	藍己秀	1020501	BGT
2-3-23	0	02103		103	02103	1	120101002		0201	002			0	0	1603	人	11	月	12		0		0	11.00×12.00	80	10560	10560	10560	10560	0	0	技工、工友及駕駛共11人，按每人每月80元編列。									1	201	122	0	0016				0001	藍己秀	1020501	BGT
2-4-18	0	02104		103	02104	1	120101002		0201	001			0	0	1601	人	80	月	12		0		0	80.00×12.00	445	427200	427200	427200	427200	0	0	職員 80 人，按每人每月445元編列。									1	201	122	0	0015				0001	陳文玉	1020430	BGT
2-4-18	0	02104		103	02104	1	120101002		0201	002			0	0	1602	人	1	月	12		0		0	1.00×12.00	160	1920	1920	1920	1920	0	0	約聘人員1人，按每人每月160元編列。									1	201	122	0	0016				0001	陳文玉	1020327	BGT
2-4-19	0	02104		103	02104	1	120101002		0201	003			0	0	1603	人	14	月	12		0		0	14.00×12.00	80	13440	13440	13440	13440	0	0	技工、工友、駕駛共14人，按每人每月80元編列。									1	201	122	0	0017				0001	陳文玉	1020327	BGT
2-5-18	0	02105		103	02105	1	120101002		0201	001			0	0	1601	人	57	月	12		0		0	57.00×12.00	445	304380	304380	304380	304380	0	0	職員57人，按每人每月445元編列。									1	201	122	0	0013				0001	陳美倫	1020410	BGT
2-5-18	0	02105		103	02105	1	120101002		0201	002			0	0	1603	人	6	月	12		0		0	6.00×12.00	80	5760	5760	5760	5760	0	0	駕駛、工友共6人，按每人每月80元編列。									1	201	122	0	0014				0001	陳美倫	1020410	BGT
2-5-18	0	02105		103	02105	1	120101002		0201	003			0	0	1602	人	3	月	12		0		0	3.00×12.00	160	5760	5760	5760	5760	0	0	約聘僱3人，按每人每月160元編列。									1	201	122	0	0015				0001	陳美倫	1020410	BGT
2-6-25	0	02106		103	02106	1	210101002		0201	001			0	0	1601	人	50	月	12		0		0	50.00×12.00	445	267000	267000	267000	267000	0	0	職員50人，按每人每月445元編列。									1	201	122	0	0016				0001	周麗君	1020504	BGT
2-6-25	0	02106		103	02106	1	210101002		0201	002			0	0	1602	人	6	月	12		0		0	6.00×12.00	160	11520	11520	11520	11520	0	0	駐衛警4人、約聘2人，按每人每月160元編列。									1	201	122	0	0017				0001	周麗君	1020701	BGT
2-6-25	0	02106		103	02106	1	210101002		0201	003			0	0	1603	人	20	月	12		0		0	20.00×12.00	80	19200	19200	19200	20160	0	0	技工、工友、駕駛20人，按每人每月80元編列。								減列駕駛1人。	1	201	122	0	0018				0001	周麗君	1020418	BGT
2-7-24	0	02108		103	02108	1	120101002		0201	001			0	0	1601	人	70	月	12		0		0	70.00×12.00	445	373800	373800	373800	341760	0	0	職員70人，按每人每月445元編列。								配合預算員額調整	1	201	122	0	0016				0001	蔣金霓	1020411	BGT
2-7-25	0	02108		103	02108	1	120101002		0201	002			0	0	1602	人	15	月	12		0		0	15.00×12.00	160	28800	28800	28800	36480	0	0	約聘人員15人，按每人每月160元編列。								配合預算員額調整及新增	1	201	122	0	0017				0001	蔣金霓	1020613	BGT
2-7-25	0	02108		103	02108	1	120101002		0201	003			0	0	1603	人	7	月	12		0		0	7.00×12.00	80	6720	6720	6720	6720	0	0	駕駛、技工、工友共7人，按每人每月80元編列。									1	201	122	0	0018				0001	蔣金霓	1020411	BGT
2-8-10	0	02111		103	02111	1	340101002		0201	001			0	0	1601	人	11	月	12		0		0	11.00×12.00	445	58740	58740	58740	58740	0	0	職員11人，按每人每月445元編列。									1	201	122	0	0014				0001	陳娟美	1020510	BGT
2-8-10	0	02111		103	02111	1	340101002		0201	002			0	0	1603	人	4	月	12		0		0	4.00×12.00	80	3840	3840	3840	3840	0	0	技工1人、工友2人、駕駛1人，按每人每月80元編列。									1	201	122	0	0015				0001	陳娟美	1020510	BGT
2-9-30	0	02112		103	02112	1	130101002		0201	001			0	0	1601	人	28	月	12		0		0	28.00×12.00	445	149520	149520	149520	149520	0	0	職員28人，按每人每月以445元編列。									1	201	122	0	0012				0001	陳子晴	1020515	BGT
2-9-30	0	02112		103	02112	1	130101002		0201	002			0	0	1602	人	12	月	12		0		0	12.00×12.00	160	23040	23040	23040	23040	0	0	約僱人員12人，按每人每月以160元編列。									1	201	122	0	0013				0001	陳子晴	1020515	BGT
2-9-30	0	02112		103	02112	1	130101002		0201	003			0	0	1603	人	4	月	12		0		0	4.00×12.00	80	3840	3840	3840	3840	0	0	技工、工友及駕駛共4人，按每人每月以80元編列。									1	201	122	0	0014				0001	陳子晴	1020515	BGT
2-10-21	0	02113		103	02113	1	220101002		0201	001			0	0	1601	人	22	月	12		0		0	22.00×12.00	445	117480	117480	117480	117480	0	0	職員22人，按每人每月445元編列。									1	201	122	0	0014				0001	吳淨怡	1020415	BGT
2-10-21	0	02113		103	02113	1	220101002		0201	002			0	0	1602	人	4	月	12		0		0	4.00×12.00	160	7680	7680	7680	5760	0	0	約聘僱人員4人，按每人每月160元編列。								增聘1員	1	201	122	0	0015				0001	吳淨怡	1020430	BGT
2-10-21	0	02113		103	02113	1	220101002		0201	003			0	0	1603	人	4	月	12		0		0	4.00×12.00	80	3840	3840	3840	3840	0	0	技工、工友、駕駛共4人，按每人每月80元編列。									1	201	122	0	0016				0001	吳淨怡	1020415	BGT
2-11-26	0	02121		103	02121	1	130101002		0201	001			0	0	1603	人	17	月	12		0		0	17.00×12.00	80	16320	16320	16320	16320	0	0	技工、工友及駕駛共17人，按每人每月80元編列。									1	201	122	0	0011				0001	陳俞君	1020422	BGT
2-11-26	0	02121		103	02121	1	130101002		0201	002			0	0	1601	人	119	月	12		0		0	119.00×12.00	445	635460	635460	635460	635460	0	0	職員119人，按每人每月445元編列。									1	201	122	0	0012				0001	陳俞君	1020422	BGT
2-12-30	0	02122		103	02122	1	130101002		0201	001			0	0	1601	人	127	月	12		0		0	127.00×12.00	445	678180	678180	678180	678180	0	0	職員127人，按每人每月445元編列。									1	201	122	0	0014				0001	吳芳君	1020513	BGT
2-12-30	0	02122		103	02122	1	130101002		0201	002			0	0	1603	人	16	月	12		0		0	16.00×12.00	80	15360	15360	15360	15360	0	0	技工、工友及駕駛16人，按每人每月80元編列。									1	201	122	0	0015				0001	吳芳君	1020513	BGT
2-12-30	0	02122		103	02122	1	130101002		0201	003			0	0	1602	人	5	月	12		0		0	5.00×12.00	160	9600	9600	9600	9600	0	0	駐衛警5人，按每人每月160元編列。									1	201	122	0	0016				0001	吳芳君	1020513	BGT
2-13-31	0	02123		103	02123	1	130101002		0201	001			0	0	1601	人	154	月	12		0		0	154.00×12.00	445	822360	822360	822360	822360	0	0	職員154人，按每人每月445元編列。									1	201	122	0	0014				0001	馬文全	1020325	BGT
2-13-32	0	02123		103	02123	1	130101002		0201	002			0	0	1603	人	19	月	12		0		0	19.00×12.00	80	18240	18240	18240	18240	0	0	技工、工友及駕駛共19人，按每人每月80元編列。									1	201	122	0	0015				0001	馬文全	1020325	BGT
2-14-40	0	02124		103	02124	1	130101002		0201	001			0	0	1601	人	129	月	12		0		0	129.00×12.00	445	688860	688860	688860	688860	0	0	職員129人，按每人每月445元編列。									1	201	122	0	0015				0001	熊淑芳	1020513	BGT
2-14-40	0	02124		103	02124	1	130101002		0201	002			0	0	1602	人	5	月	12		0		0	5.00×12.00	160	9600	9600	9600	9600	0	0	駐衛警5人，按每人每月160元編列。									1	201	122	0	0016				0001	熊淑芳	1020513	BGT
2-14-40	0	02124		103	02124	1	130101002		0201	003			0	0	1603	人	20	月	12		0		0	20.00×12.00	80	19200	19200	19200	19200	0	0	技工、工友及駕駛共20人，按每人每月80元編列。									1	201	122	0	0017				0001	熊淑芳	1020513	BGT
2-15-26	0	02125		103	02125	1	130101002		0201	001			0	0	1601	人	107	月	12		0		0	107.00×12.00	445	571380	571380	571380	571380	0	0	職員107人，按每人每月445元編列。									1	201	122	0	0014				0001	孫玉英	1020410	BGT
2-15-26	0	02125		103	02125	1	130101002		0201	002			0	0	1602	人	4	月	12		0		0	4.00×12.00	160	7680	7680	7680	9600	0	0	駐衛警4人，按每人每月160元編列。									1	201	122	0	0015				0001	孫玉英	1020410	BGT
2-15-26	0	02125		103	02125	1	130101002		0201	003			0	0	1603	人	15	月	12		0		0	15.00×12.00	80	14400	14400	14400	14400	0	0	技工、工友及駕駛共15人，按每人每月80元編列。									1	201	122	0	0016				0001	孫玉英	1020410	BGT
2-16-27	0	02126		103	02126	1	130101002		0201	001			0	0	1601	人	96	月	12		0		0	96.00×12.00	445	512640	512640	512640	512640	0	0	職員96人，按每人每月445元編列。									1	201	122	0	0013				0001	林潘明	1020429	BGT
2-16-27	0	02126		103	02126	1	130101002		0201	002			0	0	1602	人	3	月	12		0		0	3.00×12.00	160	5760	5760	5760	5760	0	0	駐衛警3人，按每人每月160元編列。									1	201	122	0	0014				0001	林潘明	1020429	BGT
2-16-28	0	02126		103	02126	1	130101002		0201	003			0	0	1603	人	13	月	12		0		0	13.00×12.00	80	12480	12480	12480	12480	0	0	技工、工友及駕駛共13人，按每人每月80元編列。									1	201	122	0	0015				0001	林潘明	1020429	BGT
2-17-32	0	02127		103	02127	1	130101002		0201	001			0	0	1601	人	123	月	12		0		0	123.00×12.00	445	656820	656820	656820	656820	0	0	職員123人，按每人每月445元編列。									1	201	122	0	0013				0001	張麗華	1020829	BGT
2-17-32	0	02127		103	02127	1	130101002		0201	002			0	0	1603	人	11	月	12		0		0	11.00×12.00	80	10560	10560	10560	10560	0	0	技工、工友及駕駛共11人，按每人每月80元編列。									1	201	122	0	0014				0001	張麗華	1020829	BGT
2-18-36	0	02128		103	02128	1	130101020		0201	001			0	0	1601	人	131	月	12		0		0	131.00×12.00	445	699540	699540	699540	699540	0	0	職員131人，按每人每月445元編列。									1	201	122	0	0012				0001	陳柏青	1020325	BGT
2-18-36	0	02128		103	02128	1	130101020		0201	002			0	0	1602	人	5	月	12		0		0	5.00×12.00	160	9600	9600	9600	9600	0	0	駐衛警5人，按每人每月160元編列。									1	201	122	0	0013				0001	陳柏青	1020325	BGT
2-18-36	0	02128		103	02128	1	130101020		0201	003			0	0	1603	人	18	月	12		0		0	18.00×12.00	80	17280	17280	17280	17280	0	0	技工、工友及駕駛共18人，按每人每月80元編列。									1	201	122	0	0014				0001	陳柏青	1020325	BGT
2-19-31	0	02129		103	02129	1	130101002		0201	001			0	0	1601	人	83	月	12		0		0	83.00×12.00	445	443220	443220	443220	443220	0	0	職員83人，按每人每月445元編列。									1	201	122	0	0013				0001	林金成	1020329	BGT
2-19-31	0	02129		103	02129	1	130101002		0201	002			0	0	1602	人	5	月	12		0		0	5.00×12.00	160	9600	9600	9600	9600	0	0	駐衛警5人，按每人每月160元編列 。									1	201	122	0	0014				0001	林金成	1020329	BGT
2-19-32	0	02129		103	02129	1	130101002		0201	003			0	0	1603	人	15	月	12		0		0	15.00×12.00	80	14400	14400	14400	14400	0	0	技工、工友及駕駛共15人，按每人每月80 元編列。									1	201	122	0	0015				0001	林金成	1020329	BGT
2-20-31	0	02130		103	02130	1	130101002		0201	001			0	0	1601	人	128	月	12		0		0	128.00×12.00	445	683520	683520	683520	683520	0	0	職員128人，按每人每月445元編列。									1	201	122	0	0014				0001	蔡文盛	1020323	BGT
2-20-32	0	02130		103	02130	1	130101002		0201	002			0	0	1602	人	5	月	12		0		0	5.00×12.00	160	9600	9600	9600	9600	0	0	駐衛警5人，按每人每月160元編列。									1	201	122	0	0015				0001	林文賢	1020323	BGT
2-20-32	0	02130		103	02130	1	130101002		0201	003			0	0	1603	人	16	月	12		0		0	16.00×12.00	80	15360	15360	15360	15360	0	0	駕駛、技工及工友共16人，按每人每月80元編列。									1	201	122	0	0016				0001	蔡文盛	1020323	BGT
2-21-35	0	02131		103	02131	1	130101002		0201	001			0	0	1601	人	149	月	12		0		0	149.00×12.00	445	795660	795660	795660	795660	0	0	職員149人，按每人每月445元編列。									1	201	122	0	0014				0001	曹盛揚	1020417	BGT
2-21-35	0	02131		103	02131	1	130101002		0201	002			0	0	1602	人	5	月	12		0		0	5.00×12.00	160	9600	9600	9600	9600	0	0	駐衛警5人，按每人每月160元編列。									1	201	122	0	0015				0001	曹盛揚	1020417	BGT
2-21-35	0	02131		103	02131	1	130101002		0201	003			0	0	1603	人	14	月	12		0		0	14.00×12.00	80	13440	13440	13440	13440	0	0	技工、工友及駕駛共14人，按每人每月80元編列。									1	201	122	0	0016				0001	曹盛揚	1020417	BGT
2-22-33	0	02132		103	02132	1	130101002		0201	001			0	0	1601	人	131	月	12		0		0	131.00×12.00	445	699540	699540	699540	699540	0	0	職員131人，按每人每月445元編列。									1	201	122	0	0013				0001	李淑娟	1020415	BGT
2-22-33	0	02132		103	02132	1	130101002		0201	002			0	0	1603	人	16	月	12		0		0	16.00×12.00	80	15360	15360	15360	15360	0	0	技工、工友及駕駛共16人，按每人每月80元編列。									1	201	122	0	0014				0001	李淑娟	1020415	BGT
2-22-34	0	02132		103	02132	1	130101002		0201	003			0	0	1602	人	5	月	12		0		0	5.00×12.00	160	9600	9600	9600	9600	0	0	駐衛警5人，按每人每月160元編列。									1	201	122	0	0015				0001	李淑娟	1020415	BGT
3-1-42	0	03101		103	03101	1	130101002		0201	001			0	0	1601	人	131	月	12		0		0	131.00×12.00	445	699540	699540	699540	699540	0	0	職員131人，按每人每月445元編列。									1	201	122	0	0015				0001	郭素蓉	1020319	BGT
3-1-42	0	03101		103	03101	1	130101002		0201	002			0	0	1602	人	6	月	12		0		0	6.00×12.00	160	11520	11520	11520	11520	0	0	約聘僱人員6人，按每人每月160元編列。									1	201	122	0	0016				0001	郭素蓉	1020319	BGT
3-1-42	0	03101		103	03101	1	130101002		0201	003			0	0	1603	人	24	月	12		0		0	24.00×12.00	80	23040	23040	23040	23040	0	0	技工、工友及駕駛共24人，按每人每月80元編列。									1	201	122	0	0017				0001	郭素蓉	1020319	BGT
3-2-12	0	03102		103	03102	1	220101002		0201	001			0	0		人	6	月	12		0		0	6.00×12.00	445	32040	32040	32040	32040	0	0	職員6人，按每人每月445元編列。									0	201	122	0	0010				0001	陳本洲	1020508	BGT
3-2-12	0	03102		103	03102	1	220101002		0201	002			0	0		人	5	月	12		0		0	5.00×12.00	80	4800	4800	4800	4800	0	0	技工及工友共5人，按每人每月80元編列。									0	201	122	0	0011				0001	陳本洲	1020508	BGT
3-2-12	0	03102		103	03102	1	220101002		0201	003			0	0		人	4	月	12		0		0	4.00×12.00	160	7680	7680	7680	7680	0	0	約聘人員4人，按每人每月160元編列。									0	201	122	0	0012				0001	陳本洲	1020508	BGT
3-3-51	0	03103		103	03103	1	220101002		0201	001			0	0	1601	人	63	月	12		0		0	63.00×12.00	445	336420	336420	336420	336420	0	0	職員63人，按每人每月445元編列。									1	201	122	0	0019				0001	蕭書婷	1020508	BGT
3-3-51	0	03103		103	03103	1	220101002		0201	002			0	0	1602	人	23	月	12		0		0	23.00×12.00	160	44160	44160	44160	44160	0	0	約聘僱人員、駐衛警共23人，按每人每月160元編列。									1	201	122	0	0020				0001	蕭書婷	1020508	BGT
3-3-51	0	03103		103	03103	1	220101002		0201	003			0	0	1603	人	124	月	12		0		0	124.00×12.00	80	119040	119040	119040	119040	0	0	技工、工友及駕駛共124人，按每人每月80元編列。									1	201	122	0	0021				0001	蕭書婷	1020508	BGT
3-4-28	0	03111		103	03111	1	130101002		0201	001			0	0	1601	人	61	月	12		0		0	61.00×12.00	445	325740	325740	325740	325740	0	0	職員61人，按每人每月445元編列。									1	201	122	0	0012				0001	羅圓鈴	1020829	BGT
3-4-28	0	03111		103	03111	1	130101002		0201	002			0	0	1603	人	5	月	12		0		0	5.00×12.00	80	4800	4800	4800	4800	0	0	駕駛、技工及工友共5人，按每人每月80元編列。									1	201	122	0	0013				0001	羅圓鈴	1020829	BGT
3-5-28	0	03112		103	03112	1	130101002		0201	001			0	0	1601	人	68	月	12		0		0	68.00×12.00	445	363120	363120	363120	363120	0	0	職員68人，按每人每月445元編列。									1	201	122	0	0013				0001	滕憶娟	1020429	BGT
3-5-28	0	03112		103	03112	1	130101002		0201	002			0	0	1603	人	6	月	12		0		0	6.00×12.00	80	5760	5760	5760	5760	0	0	駕駛、技工及工友共6人，按每人每月80元編列。									1	201	122	0	0014				0001	滕憶娟	1020429	BGT
3-6-28	0	03113		103	03113	1	130101002		0201	001			0	0	1601	人	93	月	12		0		0	93.00×12.00	445	496620	496620	496620	496620	0	0	職員93人，按每人每月445元編列。									1	201	122	0	0012				0001	莊惠蘭	1020829	BGT
3-6-28	0	03113		103	03113	1	130101002		0201	002			0	0	1603	人	8	月	12		0		0	8.00×12.00	80	7680	7680	7680	7680	0	0	駕駛、技工及工友共8人，按每人每月80元編列。									1	201	122	0	0013				0001	莊惠蘭	1020829	BGT
3-7-28	0	03114		103	03114	1	130101002		0201	001			0	0	1601	人	70	月	12		0		0	70.00×12.00	445	373800	373800	373800	373800	0	0	職員70人，按每人每月445元編列。									1	201	122	0	0013				0001	黃依萍	1020320	BGT
3-7-28	0	03114		103	03114	1	130101002		0201	002			0	0	1603	人	5	月	12		0		0	5.00×12.00	80	4800	4800	4800	4800	0	0	駕駛及工友共5人，按每人每月80元編列。									1	201	122	0	0014				0001	黃依萍	1020320	BGT
3-8-28	0	03115		103	03115	1	130101002		0201	001			0	0	1601	人	53	月	12		0		0	53.00×12.00	445	283020	283020	283020	283020	0	0	職員53人，按每人每月445元編列。									1	201	122	0	0012				0001	蔡佩芳	1020425	BGT
3-8-28	0	03115		103	03115	1	130101002		0201	002			0	0	1603	人	4	月	12		0		0	4.00×12.00	80	3840	3840	3840	3840	0	0	駕駛及工友共4人，按每人每月80元編列。									1	201	122	0	0013				0001	蔡佩芳	1020425	BGT
3-9-26	0	03116		103	03116	1	130101002		0201	001			0	0	1601	人	41	月	12		0		0	41.00×12.00	445	218940	218940	218940	218940	0	0	職員41人，按每人每月445元編列。									1	201	122	0	0012				0001	高雅雯	1020429	BGT
3-9-26	0	03116		103	03116	1	130101002		0201	002			0	0	1603	人	5	月	12		0		0	5.00×12.00	80	4800	4800	4800	4800	0	0	駕駛、技工及工友共5人，按每人每月80元編列。									1	201	122	0	0013				0001	高雅雯	1020429	BGT
3-10-24	0	03121		103	03121	1	130101002		0201	001			0	0	1601	人	35	月	12		0		0	35.00×12.00	445	186900	186900	186900	186900	0	0	職員35人，按每人每月445元編列。									1	201	122	0	0012				0001	曾怡華	1020417	BGT
3-10-24	0	03121		103	03121	1	130101002		0201	002			0	0	1603	人	3	月	12		0		0	3.00×12.00	80	2880	2880	2880	2880	0	0	駕駛及工友共3人，按每人每月80元編列。									1	201	122	0	0013				0001	曾怡華	1020417	BGT
3-11-26	0	03122		103	03122	1	130101002		0201	001			0	0	1601	人	63	月	12		0		0	63.00×12.00	445	336420	336420	336420	336420	0	0	職員63人，按每人每月445元編列。									1	201	122	0	0012				0001	歐宥妡	1020508	BGT
3-11-26	0	03122		103	03122	1	130101002		0201	002			0	0	1603	人	5	月	12		0		0	5.00×12.00	80	4800	4800	4800	4800	0	0	駕駛及工友共5人，按每人每月80元編列。									1	201	122	0	0013				0001	歐宥妡	1020508	BGT
3-12-26	0	03123		103	03123	1	130101002		0201	001			0	0	1601	人	80	月	12		0		0	80.00×12.00	445	427200	427200	427200	427200	0	0	職員80人，按每人每月445元編列。									1	201	122	0	0012				0001	郭世煌	1020507	BGT
3-12-26	0	03123		103	03123	1	130101002		0201	002			0	0	1603	人	4	月	12		0		0	4.00×12.00	80	3840	3840	3840	3840	0	0	駕駛及工友共4人，按每人每月80元編列。									1	201	122	0	0013				0001	郭世煌	1020507	BGT
3-13-24	0	03124		103	03124	1	130101002		0201	001			0	0	1601	人	66	月	12		0		0	66.00×12.00	445	352440	352440	352440	352440	0	0	職員66人，按每人每月445元編列。									1	201	122	0	0012				0001	張惠淑	1020411	BGT
3-13-24	0	03124		103	03124	1	130101002		0201	002			0	0	1603	人	5	月	12		0		0	5.00×12.00	80	4800	4800	4800	4800	0	0	駕駛及工友共5人，按每人每月80元編列。									1	201	122	0	0013				0001	張惠淑	1020411	BGT
3-14-28	0	03125		103	03125	1	130101002		0201	001			0	0	1601	人	61	月	12		0		0	61.00×12.00	445	325740	325740	325740	325740	0	0	職員61人，按每人每月445元編列。									1	201	122	0	0012				0001	周明懿	1020507	BGT
3-14-28	0	03125		103	03125	1	130101002		0201	002			0	0	1603	人	5	月	12		0		0	5.00×12.00	80	4800	4800	4800	4800	0	0	駕駛及工友共5人，按每人每月80元編列。									1	201	122	0	0013				0001	周明懿	1020507	BGT
3-15-26	0	03126		103	03126	1	130101002		0201	001			0	0	1601	人	71	月	12		0		0	71.00×12.00	445	379140	379140	379140	379140	0	0	職員71人，按每人每月445元編列。									1	201	122	0	0012				0001	林建安	1020508	BGT
3-15-26	0	03126		103	03126	1	130101002		0201	002			0	0	1603	人	6	月	12		0		0	6.00×12.00	80	5760	5760	5760	5760	0	0	駕駛及工友共6人，按每人每月80元編列。									1	201	122	0	0013				0001	林建安	1020508	BGT
4-1-67	0	04101		103	04101	1	140101020		0201	001			0	0	1601	人	197	月	12		0		0	197.00×12.00	445	1051980	1051980	1051980	1051980	0	0	職員197人，按每人每月445元編列。									1	201	122	0	0016				0001	許珍妮	1020419	BGT
4-1-67	0	04101		103	04101	1	140101020		0201	002			0	0	1603	人	17	月	12		0		0	17.00×12.00	80	16320	16320	16320	16320	0	0	駕駛、技工、工友17人，按每人每月80元編列。									1	201	122	0	0017				0001	許珍妮	1020516	BGT
4-1-67	0	04101		103	04101	1	140101020		0201	003			0	0	1602	人	2	月	12		0		0	2.00×12.00	160	3840	3840	3840	1920	0	0	約聘僱人員2人，按每人每月160元編列。								增列約僱1人。	1	201	122	0	0018				0001	許珍妮	1020516	BGT
4-2-62	0	04102		103	04102	1	140101002		0201	001			0	0	1601	人	785	月	12		0		0	785.00×12.00	445	4191900	4191900	4191900	4191900	0	0	職員785人，按每人每月445元編列。									1	201	122	0	0015				0001	王文英	1020319	BGT
4-2-62	0	04102		103	04102	1	140101002		0201	002			0	0	1602	人	4	月	12		0		0	4.00×12.00	160	7680	7680	7680	7680	0	0	駐衛警4人，按每人每月160元編列。									1	201	122	0	0016				0001	王文英	1020319	BGT
4-2-62	0	04102		103	04102	1	140101002		0201	003			0	0	1603	人	45	月	12		0		0	45.00×12.00	80	43200	43200	43200	43200	0	0	技工、工友、駕駛45人，按每人每月80元編列。									1	201	122	0	0017				0001	王文英	1020319	BGT
5-2-34	0	05112		103	05112	1	220101002		0201	001			0	0	1601	人	328	月	12		0		0	328.00×12.00	445	1735500	1751520	1751520	1735500	0	0	職員328人，按每人每月445元編列。									1	201	122	0	0012				0001	蔡承穎	1020829	BGT
5-2-34	0	05112		103	05112	1	220101002		0201	002			0	0	1602	人	45	月	12		0		0	45.00×12.00	160	86400	86400	86400	86400	0	0	駐衛警7人、約僱人員38人，按每人每月160元編列。									1	201	122	0	0013				0001	蔡承穎	1020829	BGT
5-2-34	0	05112		103	05112	1	220101002		0201	003			0	0	1603	人	36	月	12		0		0	36.00×12.00	80	34560	34560	34560	34560	0	0	技工、駕駛及工友共36人，按每人每月80元編列。									1	201	122	0	0014				0001	蔡承穎	1020829	BGT
5-3-40	0	05113		103	05113	1	220101002		0201	001			0	0	1601	人	81	月	12		0		0	81.00×12.00	445	432540	432540	432540	432540	0	0	職員81人，按每人每月445元編列。									1	201	122	0	0014				0001	蔡佩娟	1020513	BGT
5-3-41	0	05113		103	05113	1	220101002		0201	002			0	0	1602	人	41	月	12		0		0	41.00×12.00	160	78720	78720	78720	82560	0	0	約聘僱人員12人、駐衛警29人共41人，按每人每月160元編列。									1	201	122	0	0015				0001	蔡佩娟	1020513	BGT
5-3-41	0	05113		103	05113	1	220101002		0201	003			0	0	1603	人	205	月	12		0		0	205.00×12.00	80	196800	196800	196800	196800	0	0	技工、工友及駕駛共205人，按每人每月80元編列。									1	201	122	0	0016				0001	蔡佩娟	1020513	BGT
5-4-28	0	05114		103	05114	1	220101002		0201	001			0	0	1601	人	73	月	12		0		0	73.00×12.00	445	389820	389820	389820	389820	0	0	職員73人，按每人每月445元編列。									1	201	122	0	0013				0001	林芳如	1020402	BGT
5-4-28	0	05114		103	05114	1	220101002		0201	002			0	0	1603	人	14	月	12		0		0	14.00×12.00	80	13440	13440	13440	13440	0	0	技工、工友及駕駛共14人，按每人每月80元編列。									1	201	122	0	0014				0001	林芳如	1020402	BGT
5-5-29	0	05115		103	05115	1	220101002		0201	001			0	0		人	38	月	12		0		0	38.00×12.00	445	202920	202920	202920	202920	0	0	職員38人，按每人每月445元編列。									0	201	122	0	0013				0001	張美珠	1020401	BGT
5-5-30	0	05115		103	05115	1	220101002		0201	002			0	0		人	6	月	12		0		0	6.00×12.00	160	11520	11520	11520	11520	0	0	駐衛警6人，按每人每月160元編列。									0	201	122	0	0014				0001	張美珠	1020401	BGT
5-5-30	0	05115		103	05115	1	220101002		0201	003			0	0		人	112	月	12		0		0	112.00×12.00	80	107520	107520	107520	107520	0	0	技工、工友及駕駛共112人，按每人每月80元編列。									0	201	122	0	0015				0001	張美珠	1020401	BGT
5-6-12	0	05117		103	05117	1	220101002		0201	001			0	0	1601	人	6	月	12		0		0	6.00×12.00	445	32040	32040	32040	32040	0	0	職員6人，按每人每月445元編列。									1	201	122	0	0011					宋健行	1020513	BGT
5-6-12	0	05117		103	05117	1	220101002		0201	002			0	0	1603	人	1	月	12		0		0	1.00×12.00	80	960	960	960	960	0	0	工友1人，按每人每月80元編列。									1	201	122	0	0012					宋健行	1020513	BGT
6-1-75	0	06101		103	06101	1	310101002		0201	001			0	0	1601	人	121	月	12		0		0	121.00×12.00	445	646140	646140	646140	646140	0	0	職員121人，按每人每月445元編列。									1	201	122	0	0016				0001	葉月媚	1020418	BGT
6-1-75	0	06101		103	06101	1	310101002		0201	002			0	0	1602	人	18	月	12		0		0	18.00×12.00	160	34560	34560	34560	34560	0	0	聘僱人員18人，按每人每月160元編列。									1	201	122	0	0017				0001	葉月媚	1020418	BGT
6-1-75	0	06101		103	06101	1	310101002		0201	003			0	0	1603	人	14	月	12		0		0	14.00×12.00	80	13440	13440	13440	13440	0	0	駕駛、技工、工友共14人，按每人每月80元編列。									1	201	122	0	0018				0001	葉月媚	1020418	BGT
6-2-34	0	06102		103	06102	1	310101002		0201	001			0	0	1601	人	43	月	12		0		0	43.00×12.00	445	229620	229620	229620	229620	0	0	職員43人，按每人每月445元編列。									1	201	122	0	0013				0001	謝明瑩	1020903	BGT
6-2-34	0	06102		103	06102	1	310101002		0201	002			0	0	1603	人	8	月	12		0		0	8.00×12.00	80	7680	7680	7680	7680	0	0	技工、駕駛、工友共8人，按每人每月80元編列。									1	201	122	0	0014				0001	謝明瑩	1020903	BGT
6-2-34	0	06102		103	06102	1	310101002		0201	003			0	0	1602	人	20	月	12		0		0	20.00×12.00	160	38400	38400	38400	38400	0	0	約僱人員20人，按每人每月160元編列。									1	201	122	0	0015				0001	謝明瑩	1020903	BGT
6-3-39	0	06103		103	06103	1	310101002		0201	001			0	0	1601	人	178	月	12		0		0	178.00×12.00	445	950520	950520	950520	950520	0	0	職員178人，按每人每月445元編列。									1	201	122	0	0022				0001	蘇秀文	1020830	BGT
6-3-39	0	06103		103	06103	1	310101002		0201	002			0	0	1603	人	62	月	12		0		0	62.00×12.00	80	59520	59520	59520	62400	0	0	技工、駕駛、工友62人，按每人每月80元編列。								依預算員額減列。	1	201	122	0	0023				0001	蘇秀文	1020830	BGT
6-3-40	0	06103		103	06103	1	310101002		0201	003			0	0	1602	人	20	月	12		0		0	20.00×12.00	160	38400	38400	38400	38400	0	0	駐衛警20人，按每人每月160元編列。									1	201	122	0	0024				0001	蘇秀文	1020830	BGT
6-4-35	0	06104		103	06104	1	340101002		0201	001			0	0	1601	人	88	月	12		0		0	88.00×12.00	445	469920	469920	469920	469920	0	0	職員88人，按每人每月445元編列。									1	201	122	0	0016					洪佳萍、曾仰聖、陳婉琦	1020326	BGT
6-4-35	0	06104		103	06104	1	340101002		0201	002			0	0	1602	人	3	月	12		0		0	3.00×12.00	160	5760	5760	5760	5760	0	0	約聘僱人員3人，按每人每月160元編列。									1	201	122	0	0017					洪佳萍、曾仰聖、陳婉琦	1020326	BGT
6-4-35	0	06104		103	06104	1	340101002		0201	003			0	0	1603	人	6	月	12		0		0	6.00×12.00	80	5760	5760	5760	5760	0	0	工友及駕駛共6人，按每人每月80元編列									1	201	122	0	0018					洪佳萍、曾仰聖、陳婉琦	1020326	BGT
7-1-27	0	07101		103	07101	1	320101002		0201	001			0	0	1601	人	182	月	12		0		0	182.00×12.00	445	971880	971880	971880	971880	0	0	職員181人及臨編人員1人計182人，按每人每月445元編列。									1	201	122	0	0019				0001	袁梅芸	1020423	BGT
7-1-27	0	07101		103	07101	1	320101002		0201	002			0	0	1603	人	14	月	12		0		0	14.00×12.00	80	13440	13440	13440	13440	0	0	技工、工友及駕駛共14人，按每人每月80元編列。									1	201	122	0	0020				0001	袁梅芸	1020402	BGT
7-2-46	0	07102		103	07102	1	310101002		0201	001			0	0	1601	人	310	月	12		0		0	310.00×12.00	445	1655400	1655400	1655400	1655400	0	0	職員310人，按每人每月445元編列。								核實編列	1	201	122	0	0014				0001	張靜芬	1020802	BGT
7-2-46	0	07102		103	07102	1	310101002		0201	002			0	0	1603	人	524	月	12		0		0	524.00×12.00	80	503040	503040	503040	504000	0	0	技工、工友及駕駛共524人，按每人每月80元編列。								核實減列	1	201	122	0	0015				0001	張靜芬	1020802	BGT
7-2-47	0	07102		103	07102	1	310101002		0201	003			0	0	1602	人	57	月	12		0		0	57.00×12.00	160	109440	109440	109440	113280	0	0	約聘僱人員、駐衛警共57人，按每人每月160元編列。								核實減列	1	201	122	0	0016				0001	張靜芬	1020802	BGT
7-3-51	0	07103		103	07103	1	330101002		0201	001			0	0	1601	人	367	月	12		0		0	367.00×12.00	445	1959780	1959780	1959780	1959780	0	0	職員367人，按每人每月445元編列。									1	201	122	0	0020				0001	陳錦豪	1020715	BGT
7-3-51	0	07103		103	07103	1	330101002		0201	002			0	0	1603	人	399	月	12		0		0	399.00×12.00	80	383040	383040	383040	400320	0	0	技工、駕駛及工友399人，按每人每月80元編列。									1	201	122	0	0021				0001	陳錦豪	1020715	BGT
7-3-51	0	07103		103	07103	1	330101002		0201	003			0	0	1602	人	68	月	12		0		0	68.00×12.00	160	130560	130560	130560	122880	0	0	約聘僱人員68人，按每人每月160元編列。								增加4名聘用人員。	1	201	122	0	0022				0001	陳錦豪	1020715	BGT
7-4-70	0	07104		103	07104	1	510101002		0201	001			0	0		人	234	月	12		0		0	234.00×12.00	445	1249560	1249560	1249560	1217520	0	0	職員234人，按每人每月445元編列。									0	201	122	0	0012				0001	黃美英	1030103	BGT
7-4-71	0	07104		103	07104	1	510101002		0201	002			0	0		人	92	月	12		0		0	92.00×12.00	160	176640	176640	176640	176640	0	0	駐衛警92人，按每人每月160元編列。								依標準編列	0	201	122	0	0013				0001	黃美英	1030103	BGT
7-4-71	0	07104		103	07104	1	510101002		0201	003			0	0		人	1095	月	12		0		0	1095.00×12.00	80	1051200	1051200	1051200	1068480	0	0	技工、工友及駕駛1,095人，按每人每月80元編列。									0	201	122	0	0014				0001	黃美英	1030103	BGT
7-5-42	0	07105		103	07105	1	520101002		0201	001			0	0	1601	人	174	月	12		0		0	174.00×12.00	445	929160	929160	929160	929160	0	0	職員174人，按每人每月445元編列。									1	201	122	0	0014				0001	李逸寧	1020411	BGT
7-5-43	0	07105		103	07105	1	520101002		0201	002			0	0	1603	人	137	月	12		0		0	137.00×12.00	80	131520	131520	131520	131520	0	0	技工、工友及駕駛共137人，按每人每月 80元編列。									1	201	122	0	0015				0001	李逸寧	1020422	BGT
7-5-43	0	07105		103	07105	1	520101002		0201	003			0	0	1602	人	7	月	12		0		0	7.00×12.00	160	13440	13440	13440	15360	0	0	駐衛警7人，按每人每月160元編列。								覈實減列	1	201	122	0	0016				0001	李逸寧	1020417	BGT
7-5-88	0	07105		103	07105	1	520204002	602	0201	001			0	0		年	1		0		0		0	1.00	27234	27234	27234	27234	27234	0	0	統籌業務費。								依比例	0	201	122	0	0009				0001	許清擇	1020412	BGT
7-5-88	0	07105		103	07105	1	520204002	602	0201	002			0	0		年	1		0		0		0	1.00	2304	2304	2304	2304	2304	0	0	統籌業務費。								依比例	0	201	122	0	0010				0001	許清擇	1020412	BGT
7-6-49	0	07106		103	07106	1	310101002		0201	001			0	0		人	107	月	12		0		0	107.00×12.00	445	566040	571380	571380	566040	0	0	職員107人，按每人每月445元編列。									0	201	122	0	0015				0001	楊蕙菁	1021231	BGT
7-6-49	0	07106		103	07106	1	310101002		0201	002			0	0	1602	人	16	月	12		0		0	16.00×12.00	160	32640	30720	30720	32640	0	0	約聘僱人員16人，按每人每月160元編列。									1	201	122	0	0016				0001	楊蕙菁	1021231	BGT
7-6-50	0	07106		103	07106	1	310101002		0201	003			0	0	1603	人	34	月	12		0		0	34.00×12.00	80	32640	32640	32640	32640	0	0	駕駛、技工、工友共34人，按每人每月80元編列。									1	201	122	0	0017				0001	楊蕙菁	1021231	BGT
8-1-37	0	08101		103	08101	1	330101002		0201	001			0	0	1601	人	126	月	12		0		0	126.00×12.00	445	672840	672840	672840	672840	0	0	職員126人，按每人每月445元編列。									1	201	122	0	0016				0001	方馨瑩	1020322	BGT
8-1-37	0	08101		103	08101	1	330101002		0201	002			0	0	1602	人	6	月	12		0		0	6.00×12.00	160	11520	11520	11520	11520	0	0	約聘僱人員6人，按每人每月160元編列。									1	201	122	0	0017				0001	方馨瑩	1020322	BGT
8-1-37	0	08101		103	08101	1	330101002		0201	003			0	0	1603	人	13	月	12		0		0	13.00×12.00	80	12480	12480	12480	12480	0	0	技工、工友及駕駛13人，按每人每月80元編列。									1	201	122	0	0018				0001	方馨瑩	1020322	BGT
8-2-23	0	08103		103	08103	1	330101002		0201	001			0	0	1601	人	92	月	12		0		0	92.00×12.00	445	491280	491280	491280	491280	0	0	職員92人，按每人每月445元編列。									1	201	122	0	0012				0001	簡秀奇	1020829	BGT
8-2-23	0	08103		103	08103	1	330101002		0201	002			0	0	1603	人	6	月	12		0		0	6.00×12.00	80	5760	5760	5760	5760	0	0	駕駛及工友共6人，按每人每月80元編列。									1	201	122	0	0013				0001	簡秀奇	1020829	BGT
8-3-31	0	08104		103	08104	1	330101002		0201	001			0	0	1601	人	114	月	12		0		0	114.00×12.00	445	608760	608760	608760	608760	0	0	職員114人，按每人每月445元編列。									1	201	122	0	0016					劉嘉芬	1020401	BGT
8-3-31	0	08104		103	08104	1	330101002		0201	002			0	0	1603	人	108	月	12		0		0	108.00×12.00	80	103680	103680	103680	103680	0	0	技工、工友及駕駛108人，按每人每月80元編列。									1	201	122	0	0017					劉嘉芬	1020401	BGT
8-4-53	0	08105		103	08105	1	330101002		0201	001			0	0	1601	人	130	月	12		0		0	130.00×12.00	445	694200	694200	694200	694200	0	0	職員130人，按每人每月445元編列。									1	201	122	0	0017				0001	楊遠明	1020322	BGT
8-4-53	0	08105		103	08105	1	330101002		0201	002			0	0	1602	人	10	月	12		0		0	10.00×12.00	160	19200	19200	19200	19200	0	0	約聘僱人員10人，按每人每月160元編列。									1	201	122	0	0018				0001	楊遠明	1020322	BGT
8-4-53	0	08105		103	08105	1	330101002		0201	003			0	0	1603	人	10	月	12		0		0	10.00×12.00	80	9600	9600	9600	9600	0	0	技工、工友及駕駛10人，按每人每月80元編列。									1	201	122	0	0019				0001	楊遠明	1020322	BGT
8-5-27	0	08108		103	08108	1	330101020		0201	001			0	0	1601	人	66	月	12		0		0	66.00×12.00	445	357780	352440	352440	352440	0	0	職員66人，按每人每月445元編列。									1	201	122	0	0019				0001	吳宜珍	1020801	BGT
8-5-28	0	08108		103	08108	1	330101020		0201	002			0	0	1602	人	146	月	12		0		0	146.00×12.00	160	280320	280320	280320	284160	0	0	約聘僱人員146人，按每人每月160元編列。								減列僱用人員2人。	1	201	122	0	0020				0001	吳宜珍	1020322	BGT
8-5-28	0	08108		103	08108	1	330101020		0201	003			0	0	1603	人	13	月	12		0		0	13.00×12.00	80	12480	12480	12480	12480	0	0	技工、工友及駕駛13人，按每人每月80元編列。									1	201	122	0	0021				0001	吳宜珍	1020322	BGT
9-1-61	0	09101		103	09101	1	430101002		0201	001			0	0	1601	人	395	月	12		0		0	395.00×12.00	445	2109300	2109300	2109300	2045220	0	0	職員395人，按每人每月445元編列。								新增12人。	1	201	122	0	0023				0001	蔡世宏	1020829	BGT
9-1-61	0	09101		103	09101	1	430101002		0201	002			0	0	1602	人	142	月	12		0		0	142.00×12.00	160	272640	272640	272640	276480	0	0	約聘僱人員140人及駐衛警2人，按每人每月160元編列。								減列約僱6人。	1	201	122	0	0024				0001	蔡世宏	1020829	BGT
9-1-61	0	09101		103	09101	1	430101002		0201	004			0	0	1603	人	82	月	12		0		0	82.00×12.00	80	78720	78720	78720	78720	0	0	技工、工友及駕駛共82人，按每人每月80元編列。									1	201	122	0	0025				0001	蔡世宏	1020829	BGT
9-2-21	0	09102		103	09102	1	430101002		0201	001			0	0	1601	人	171	月	12		0		0	171.00×12.00	445	913140	913140	913140	913140	0	0	職員171人，按每人每月445元編列。									1	201	122	0	0016				0001	蔡雨秦	1020830	BGT
9-2-21	0	09102		103	09102	1	430101002		0201	002			0	0	1602	人	61	月	12		0		0	61.00×12.00	160	117120	117120	117120	82560	0	0	約僱人員52人及駐衛警9人共61人，按每人每月160元編列。								核實編列	1	201	122	0	0017				0001	蔡雨秦	1020830	BGT
9-2-21	0	09102		103	09102	1	430101002		0201	003			0	0	1603	人	93	月	12		0		0	93.00×12.00	80	89280	89280	89280	89280	0	0	駕駛、技工、工友共93人，按每人每月80元編列。									1	201	122	0	0018				0001	蔡雨秦	1020830	BGT
9-3-21	0	09103		103	09103	1	430101002		0201	001			0	0	1601	人	59	月	12		0		0	59.00×12.00	445	315060	315060	315060	315060	0	0	職員59人，按每人每月445元編列。									1	201	122	0	0017				0001	蔡春香	1020319	BGT
9-3-21	0	09103		103	09103	1	430101002		0201	002			0	0	1602	人	30	月	12		0		0	30.00×12.00	160	57600	57600	57600	57600	0	0	約聘僱人員26人及駐衛警4人，按每人每月160元編列。									1	201	122	0	0018				0001	蔡春香	1020319	BGT
9-3-21	0	09103		103	09103	1	430101002		0201	003			0	0	1603	人	86	月	12		0		0	86.00×12.00	80	82560	82560	82560	75840	0	0	技工、工友及駕駛86人，按每人每月80元編列。								核實增列。	1	201	122	0	0019				0001	蔡春香	1020319	BGT
9-4-16	0	09104		103	09104	1	430101002		0201	001			0	0	1601	人	58	月	12		0		0	58.00×12.00	445	309720	309720	309720	256320	0	0	職員58人，按每人每月445元編列。								覈實增列	1	201	122	0	0011					姜琴音、陳彥竹、趙惠美、徐慧英、黃瑞雯	1020412	BGT
9-4-16	0	09104		103	09104	1	430101002		0201	002			0	0	1602	人	61	月	12		0		0	61.00×12.00	160	117120	117120	117120	119040	0	0	約聘僱61人，按每人每月160元編列。								覈實減列	1	201	122	0	0012					姜琴音、陳彥竹、趙惠美、徐慧英、黃瑞雯	1020321	BGT
9-4-16	0	09104		103	09104	1	430101002		0201	003			0	0	1603	人	3	月	12		0		0	3.00×12.00	80	2880	2880	2880	2880	0	0	技工、工友及駕駛共3人，按每人每月80元編列。									1	201	122	0	0013					陳彥竹	1020319	BGT
10-1-35	0	10101		103	10101	1	430101002		0201	001			0	0	1601	人	110	月	12		0		0	110.00×12.00	445	587400	587400	587400	587400	0	0	員額110人，按每人每月445元編列。									1	201	122	0	0020				0001	劉怡欣	1020318	BGT
10-1-35	0	10101		103	10101	1	430101002		0201	002			0	0	1603	人	27	月	12		0		0	27.00×12.00	80	25920	25920	25920	25920	0	0	技工、駕駛、工友27人，按每人每月80元編列。									1	201	122	0	0021				0001	劉怡欣	1020318	BGT
10-1-35	0	10101		103	10101	1	430101002		0201	003			0	0	1602	人	31	月	12		0		0	31.00×12.00	160	59520	59520	59520	63360	0	0	約聘(僱)用人員31人，按每人每月160元編列。								員額減列2人	1	201	122	0	0022				0001	劉怡欣	1020501	BGT
10-2-25	0	10102		103	10102	1	440101002		0201	001			0	0	1601	人	67	月	12		0		0	67.00×12.00	445	357780	357780	357780	357780	0	0	職員67人，按每人每月445元編列。									1	201	122	0	0014				0001	徐春梅	1020509	BGT
10-2-25	0	10102		103	10102	1	440101002		0201	002			0	0	1602	人	10	月	12		0		0	10.00×12.00	160	19200	19200	19200	19200	0	0	約聘(僱)人員10人，按每人每月160元編列。									1	201	122	0	0015				0001	徐春梅	1020819	BGT
10-2-25	0	10102		103	10102	1	440101002		0201	003			0	0	1603	人	6	月	12		0		0	6.00×12.00	80	5760	5760	5760	5760	0	0	技工、工友及駕駛6人，按每人每月80元編列。									1	201	122	0	0016				0001	徐春梅	1020320	BGT
10-3-22	0	10103		103	10103	1	440101002		0201	001			0	0	1601	人	72	月	12		0		0	72.00×12.00	445	416520	384480	384480	379140	0	0	職員72人，按每人每月445元編列。								增列1員額。	1	201	122	0	0015				0001	許馨予	1020710	BGT
10-3-22	0	10103		103	10103	1	440101002		0201	002			0	0	1602	人	7	月	12		0		0	7.00×12.00	160	13440	13440	13440	17280	0	0	駐衛警7人，按每人每月160元編列。								減列2員額。	1	201	122	0	0016				0001	陳慧順	1020710	BGT
10-3-22	0	10103		103	10103	1	440101002		0201	003			0	0	1603	人	41	月	12		0		0	41.00×12.00	80	39360	39360	39360	39360	0	0	技工、駕駛、工友共41人，按每人每月80元編列。									1	201	122	0	0017				0001	陳慧順	1020710	BGT
10-4-23	0	10105		103	10105	1	430101020		0201	001			0	0	1601	人	86	月	12		0		0	86.00×12.00	445	459240	459240	459240	459240	0	0	職員86人，按每人每月445元編列。									1	201	122	0	0016				0001	廖清達	1020515	BGT
10-4-23	0	10105		103	10105	1	430101020		0201	002			0	0	1602	人	1	月	12		0		0	1.00×12.00	160	1920	1920	1920	1920	0	0	駐衛警1人，按每人每月160元編列。									1	201	122	0	0017				0001	廖清達	1020515	BGT
10-4-23	0	10105		103	10105	1	430101020		0201	003			0	0	1603	人	8	月	12		0		0	8.00×12.00	80	7680	7680	7680	7680	0	0	技工、工友及駕駛8人，按每人每月80元編列。									1	201	122	0	0018				0001	廖清達	1020515	BGT
10-5-16	0	10106		103	10106	1	440101002		0201	001			0	0	1601	人	19	月	12		0		0	19.00×12.00	445	101460	101460	101460	96120	0	0	職員19人，按每人每月445元編列。								勞動局移撥員額1名	1	201	122	0	0016				0001	游煥霓	1020509	BGT
10-5-17	0	10106		103	10106	1	440101002		0201	002			0	0	1602	人	2	月	12		0		0	2.00×12.00	160	3840	3840	3840	3840	0	0	約聘僱人員2人，按每人每月160元編列。									1	201	122	0	0017				0001	游煥霓	1020318	BGT
10-5-17	0	10106		103	10106	1	440101002		0201	003			0	0	1603	人	4	月	12		0		0	4.00×12.00	80	3840	3840	3840	3840	0	0	技工、工友及駕駛4人，按每人每月80元編列。									1	201	122	0	0018				0001	游煥霓	1020318	BGT
11-1-1-35	0	11111		103	11101	1	710101002		0201	001			0	0	1601	人	555	月	12		0		0	555.00×12.00	445	2963700	2963700	2963700	2963700	0	0	職員555人，按每人每月445元編列。									1	201	122	0	0018				0001	黃志煒	1020325	BGT
11-1-1-36	0	11111		103	11101	1	710101002		0201	002			0	0	1602	人	10	月	12		0		0	10.00×12.00	160	19200	19200	19200	19200	0	0	約聘、僱人員10人，按每人每月160元編列。									1	201	122	0	0019				0001	黃志煒	1020325	BGT
11-1-1-36	0	11111		103	11101	1	710101002		0201	003			0	0	1603	人	92	月	12		0		0	92.00×12.00	80	88320	88320	88320	88320	0	0	駕駛、技工、工友共92人，按每人每月80元編列。									1	201	122	0	0020				0001	黃志煒	1020325	BGT
11-1-2-16	0	11121		103	11101	1	710101002		0201	001			0	0	1601	人	365	月	12		0		0	365.00×12.00	445	1949100	1949100	1949100	1949100	0	0	職員365人，按每人每月445元編列。									1	201	122	0	0018				0001	廖宴堂、宋文中	1020318	BGT
11-1-2-16	0	11121		103	11101	1	710101002		0201	002			0	0	1603	人	15	月	12		0		0	15.00×12.00	80	14400	14400	14400	14400	0	0	駕駛、工友15人，按每人每月80元編列。									1	201	122	0	0019				0001	廖宴堂	1020318	BGT
11-1-3-17	0	11122		103	11101	1	710101002		0201	001			0	0	1601	人	390	月	12		0		0	390.00×12.00	445	2082600	2082600	2082600	2082600	0	0	職員390人，按每人每月445元編列。									1	201	122	0	0019				0001	靳亞雄	1020322	BGT
11-1-3-17	0	11122		103	11101	1	710101002		0201	002			0	0	1603	人	17	月	12		0		0	17.00×12.00	80	16320	16320	16320	16320	0	0	駕駛、工友17人，按每人每月80元編列。									1	201	122	0	0020				0001	靳亞雄	1020322	BGT
11-1-4-16	0	11123		103	11101	1	710101002		0201	001			0	0		人	582	月	12		0		0	582.00×12.00	445	3107880	3107880	3107880	3107880	0	0	職員582人，按每人每月445元編列。									0	201	122	0	0017				0001	廖文傑	1020325	BGT
11-1-4-16	0	11123		103	11101	1	710101002		0201	002			0	0		人	23	月	12		0		0	23.00×12.00	80	22080	22080	22080	22080	0	0	駕駛、工友共23人，按每人每月80元編列。									0	201	122	0	0018				0001	廖文傑	1020325	BGT
11-1-5-16	0	11124		103	11101	1	710101002		0201	001			0	0	1601	人	524	月	12		0		0	524.00×12.00	445	2798160	2798160	2798160	2798160	0	0	職員524人，按每人每月445元編列。									1	201	122	0	0015				0001	蔡春勇	1020716	BGT
11-1-5-16	0	11124		103	11101	1	710101002		0201	002			0	0	1603	人	22	月	12		0		0	22.00×12.00	80	21120	21120	21120	21120	0	0	駕駛、工友22人，按每人每月80元編列。									1	201	122	0	0016				0001	蔡春勇	1020829	BGT
11-1-6-16	0	11125		103	11101	1	710101002		0201	001			0	0	1601	人	357	月	12		0		0	357.00×12.00	445	1906380	1906380	1906380	1906380	0	0	職員357人，按每人每月445元編列。									1	201	122	0	0017				0001	任道川	1020829	BGT
11-1-6-16	0	11125		103	11101	1	710101002		0201	002			0	0	1603	人	17	月	12		0		0	17.00×12.00	80	16320	16320	16320	16320	0	0	駕駛、工友17人，按每人每月80元編列。									1	201	122	0	0018				0001	任道川	1020829	BGT
11-1-7-16	0	11126		103	11101	1	710101002		0201	001			0	0	1601	人	298	月	12		0		0	298.00×12.00	445	1591320	1591320	1591320	1591320	0	0	職員298人，按每人每月445元編列。									1	201	122	0	0016				0001	吳文材	1020320	BGT
11-1-7-16	0	11126		103	11101	1	710101002		0201	002			0	0	1603	人	14	月	12		0		0	14.00×12.00	80	13440	13440	13440	13440	0	0	駕駛、工友14人，按每人每月80元編列。									1	201	122	0	0017				0001	吳文材	1020320	BGT
11-1-8-16	0	11127		103	11101	1	710101002		0201	001			0	0	1601	人	356	月	12		0		0	356.00×12.00	445	1901040	1901040	1901040	1901040	0	0	職員356人，按每人每月445元編列。									1	201	122	0	0017				0001	葉春文	1020829	BGT
11-1-8-16	0	11127		103	11101	1	710101002		0201	002			0	0	1603	人	17	月	12		0		0	17.00×12.00	80	16320	16320	16320	16320	0	0	駕駛、工友共17人，按每人每月80元編列。									1	201	122	0	0018				0001	葉春文	1020829	BGT
11-1-9-16	0	11128		103	11101	1	710101002		0201	001			0	0	1601	人	459	月	12		0		0	459.00×12.00	445	2451060	2451060	2451060	2451060	0	0	職員459人，按每人每月445元編列。									1	201	122	0	0017				0001	陳泯彰	1020318	BGT
11-1-9-16	0	11128		103	11101	1	710101002		0201	002			0	0		人	20	月	12		0		0	20.00×12.00	80	19200	19200	19200	19200	0	0	駕駛、工友共20人，按每人每月80元編列。									0	201	122	0	0018				0001	陳泯彰	1020318	BGT
11-1-10-16	0	11129		103	11101	1	710101002		0201	001			0	0	1601	人	236	月	12		0		0	236.00×12.00	445	1260240	1260240	1260240	1260240	0	0	職員236人，按每人每月445元編列。									1	201	122	0	0018				0001	侯坤隆	1020318	BGT
11-1-10-16	0	11129		103	11101	1	710101002		0201	002			0	0	1603	人	12	月	12		0		0	12.00×12.00	80	11520	11520	11520	11520	0	0	駕駛、工友共12人，按每人每月80元編列。									1	201	122	0	0019				0001	侯坤隆	1020318	BGT
11-1-11-16	0	11130		103	11101	1	710101002		0201	001			0	0	1601	人	228	月	12		0		0	228.00×12.00	445	1217520	1217520	1217520	1217520	0	0	職員228按每人每月445元編列。									1	201	122	0	0017				0001	陸怡萱	1020318	BGT
11-1-11-16	0	11130		103	11101	1	710101002		0201	002			0	0	1603	人	12	月	12		0		0	12.00×12.00	80	11520	11520	11520	11520	0	0	駕駛、工友共12人，按每人每月80元編列。									1	201	122	0	0018				0001	陸怡萱	1020318	BGT
11-1-12-16	0	11131		103	11101	1	710101002		0201	001			0	0	1601	人	229	月	12		0		0	229.00×12.00	445	1222860	1222860	1222860	1222860	0	0	職員229人，按每人每月445元編列。									1	201	122	0	0018				0001	戴維斌	1020829	BGT
11-1-12-17	0	11131		103	11101	1	710101002		0201	002			0	0	1603	人	12	月	12		0		0	12.00×12.00	80	11520	11520	11520	11520	0	0	駕駛、工友共12人，按每人每月80元編列。									1	201	122	0	0019					戴維斌	1020312	BGT
11-1-13-16	0	11132		103	11101	1	710101002		0201	001			0	0	1601	人	390	月	12		0		0	390.00×12.00	445	2082600	2082600	2082600	2082600	0	0	職員390人，按每人每月445元編列。									1	201	122	0	0017				0001	蔡松霖	1020322	BGT
11-1-13-16	0	11132		103	11101	1	710101002		0201	002			0	0	1603	人	15	月	12		0		0	15.00×12.00	80	14400	14400	14400	14400	0	0	駕駛、工友共15人，按每人每月80元編列。									1	201	122	0	0018				0001	蔡松霖	1020322	BGT
11-1-14-18	0	11133		103	11101	1	710101002		0201	001			0	0	1601	人	448	月	12		0		0	448.00×12.00	445	2392320	2392320	2392320	2392320	0	0	職員448人，按每人每月445元編列。									1	201	122	0	0016				0001	林昶億	1020329	BGT
11-1-14-18	0	11133		103	11101	1	710101002		0201	002			0	0	1603	人	19	月	12		0		0	19.00×12.00	80	18240	18240	18240	18240	0	0	駕駛、工友共19人，按每人每月80元編列。									1	201	122	0	0017				0001	林昶億	1020329	BGT
11-1-15-16	0	11134		103	11101	1	710101002		0201	001			0	0	1601	人	383	月	12		0		0	383.00×12.00	445	2045220	2045220	2045220	2045220	0	0	職員383人，按每人每月445元編列。									1	201	122	0	0017				0001	吳世敬	1020829	BGT
11-1-15-16	0	11134		103	11101	1	710101002		0201	002			0	0	1603	人	19	月	12		0		0	19.00×12.00	80	18240	18240	18240	18240	0	0	駕駛、工友共19人，按每人每月80元編列。									1	201	122	0	0018				0001	吳世敬	1020829	BGT
11-1-16-14	0	11141		103	11101	1	710101002		0201	001			0	0	1601	人	633	月	12		0		0	633.00×12.00	445	3380220	3380220	3380220	3401580	0	0	職員633人，按每人每月445元編列。								覈實減列	1	201	122	0	0016				0001	胡石賢	1020503	BGT
11-1-16-14	0	11141		103	11101	1	710101002		0201	002			0	0	1603	人	17	月	12		0		0	17.00×12.00	80	16320	16320	16320	16320	0	0	技工、駕駛、工友17人，按每人每月80元編列。									1	201	122	0	0017				0001	胡石賢	1020318	BGT
11-1-17-19	0	11142		103	11101	1	710101002		0201	001			0	0		人	398	月	12		0		0	398.00×12.00	445	2125320	2125320	2125320	2125320	0	0	職員398人，按每人每月445元編列。									0	201	122	0	0016				0001	吳逸樺	1020829	BGT
11-1-17-19	0	11142		103	11101	1	710101002		0201	002			0	0		人	18	月	12		0		0	18.00×12.00	80	17280	17280	17280	17280	0	0	駕駛、工友共18人，按每人每月80元編列。									0	201	122	0	0017				0001	吳逸樺	1020829	BGT
11-1-18-26	0	11143		103	11101	1	710101002		0201	001			0	0	1603	人	100	月	12		0		0	100.00×12.00	80	96000	96000	96000	96000	0	0	駕駛、技工、工友共100人，按每人每月80元編列。									1	201	122	0	0016				0001	蔡三保	1020318	BGT
11-1-18-26	0	11143		103	11101	1	710101002		0201	002			0	0	1601	人	927	月	12		0		0	927.00×12.00	445	4950180	4950180	4950180	4950180	0	0	職員927人，按每人每月445元編列。									1	201	122	0	0017				0001	蔡三保	1020508	BGT
11-1-19-12	0	11144		103	11101	1	710101002		0201	001			0	0	1601	人	89	月	12		0		0	89.00×12.00	445	475260	475260	475260	475260	0	0	職員89人，按每人每月445元編列。									1	201	122	0	0017				0001	王建志	1020829	BGT
11-1-19-12	0	11144		103	11101	1	710101002		0201	002			0	0	1602	人	48	月	12		0		0	48.00×12.00	160	92160	92160	92160	92160	0	0	約聘人員48人，按每人每月160元編列。									1	201	122	0	0018				0001	賴剛崙	1020829	BGT
11-1-19-13	0	11144		103	11101	1	710101002		0201	003			0	0	1603	人	5	月	12		0		0	5.00×12.00	80	4800	4800	4800	4800	0	0	駕駛、工友共5人，按每人每月80元編列。									1	201	122	0	0019				0001	王建志	1020829	BGT
11-1-20-12	0	11145		103	11101	1	710101002		0201	001			0	0	1601	人	72	月	12		0		0	72.00×12.00	445	384480	384480	384480	363120	0	0	職員72人，按每人每月445元編列。								新增預算員額4人	1	201	122	0	0016				0001	林佳慧	1020507	BGT
11-1-20-12	0	11145		103	11101	1	710101002		0201	002			0	0	1603	人	2	月	12		0		0	2.00×12.00	80	1920	1920	1920	1920	0	0	工友2人，按每人每月80元編列。									1	201	122	0	0017				0001	林佳慧	1020319	BGT
11-1-21-8	0	11146		103	11101	1	710101002		0201	001			0	0	1601	人	150	月	12		0		0	150.00×12.00	445	801000	801000	801000	801000	0	0	職員150人，按每人每月445元編列。									1	201	122	0	0015				0001	李世宗	1020402	BGT
11-1-21-8	0	11146		103	11101	1	710101002		0201	002			0	0	1603	人	6	月	12		0		0	6.00×12.00	80	5760	5760	5760	5760	0	0	技工、工友共6人，按每人每月80元編列。									1	201	122	0	0016				0001	李世宗	1020402	BGT
11-1-22-12	0	11147		103	11101	1	710101002		0201	001			0	0	1601	人	73	月	12		0		0	73.00×12.00	445	389820	389820	389820	389820	0	0	職員73人，按每人每月445元編列。									1	201	122	0	0015				0001	杜志煌	1020829	BGT
11-1-22-12	0	11147		103	11101	1	710101002		0201	002			0	0	1603	人	6	月	12		0		0	6.00×12.00	80	5760	5760	5760	5760	0	0	駕駛、技工及工友共6人，按每人每月80元編列。									1	201	122	0	0016				0001	杜志煌	1020829	BGT
12-1-55	0	12101		103	12101	1	450101002		0201	001			0	0	1601	人	307	月	12		0		0	307.00×12.00	445	1639380	1639380	1639380	1639380	0	0	職員307人，按每人每月445元編列。									1	201	122	0	0018				0001	鄭百卿	1020424	BGT
12-1-56	0	12101		103	12101	1	450101002		0201	002			0	0	1602	人	161	月	12		0		0	161.00×12.00	160	309120	309120	309120	293760	0	0	約聘僱人員161人，按每人每月160元編列。								新增8名約聘僱人員。	1	201	122	0	0019				0001	鄭百卿	1020508	BGT
12-1-56	0	12101		103	12101	1	450101002		0201	003			0	0	1603	人	31	月	12		0		0	31.00×12.00	80	30720	29760	29760	31680	0	0	技工、工友及駕駛共31人，按每人每月80元編列。								減少駕駛1人。	1	201	122	0	0020				0001	鄭百卿	1020731	BGT
12-2-10	0	12111		103	12111	1	450101002		0201	001			0	0	1601	人	24	月	12		0		0	24.00×12.00	445	128160	128160	128160	128160	0	0	職員24人，按每人每月445元編列。									1	201	122	0	0013				0001	鄭啟慧	1020331	BGT
12-2-10	0	12111		103	12111	1	450101002		0201	002			0	0	1603	人	3	月	12		0		0	3.00×12.00	80	2880	2880	2880	3840	0	0	技工、工友及駕駛共3人，按每人每月80元編列。								覈實減列	1	201	122	0	0014				0001	鄭啟慧	1020511	BGT
12-3-10	0	12112		103	12112	1	450101020		0201	001			0	0	1601	人	30	月	12		0		0	30.00×12.00	445	160200	160200	160200	160200	0	0	職員30人，按每人每月445元編列。									1	201	122	0	0012				0001	謝明玉	1020331	BGT
12-3-10	0	12112		103	12112	1	450101020		0201	002			0	0	1603	人	4	月	12		0		0	4.00×12.00	80	3840	3840	3840	3840	0	0	技工、工友及駕駛共4人，按每人每月80元編列。									1	201	122	0	0013				0001	謝明玉	1020331	BGT
12-4-10	0	12113		103	12113	1	450101002		0201	001			0	0	1601	人	34	月	12		0		0	34.00×12.00	445	181560	181560	181560	181560	0	0	職員34人，按每人每月445元編列。									1	201	122	0	0016				0001	許壯楣	1020319	BGT
12-4-10	0	12113		103	12113	1	450101002		0201	002			0	0	1602	人	1	月	12		0		0	1.00×12.00	160	1920	1920	1920	1920	0	0	約僱人員1人，按每人每月160元編列。									1	201	122	0	0017				0001	許壯楣	1020319	BGT
12-4-10	0	12113		103	12113	1	450101002		0201	003			0	0	1603	人	3	月	12		0		0	3.00×12.00	80	2880	2880	2880	2880	0	0	技工及工友共3人，按每人每月80元編列。									1	201	122	0	0018				0001	許壯楣	1020319	BGT
12-5-10	0	12114		103	12114	1	450101002		0201	001			0	0	1601	人	29	月	12		0		0	29.00×12.00	445	154860	154860	154860	154860	0	0	職員29人，按每人每月445元編列。									1	201	122	0	0012				0001	詹玉娟	1020324	BGT
12-5-10	0	12114		103	12114	1	450101002		0201	002			0	0	1603	人	4	月	12		0		0	4.00×12.00	80	3840	3840	3840	3840	0	0	技工、工友及駕駛共4人，按每人每月80元編列。									1	201	122	0	0013				0001	詹玉娟	1020324	BGT
12-6-10	0	12115		103	12115	1	450101020		0201	001			0	0	1601	人	21	月	12		0		0	21.00×12.00	445	112140	112140	112140	112140	0	0	職員21人，按每人每月445元編列。									1	201	122	0	0016				0001	吳婉齡	1020325	BGT
12-6-10	0	12115		103	12115	1	450101020		0201	002			0	0	1602	人	1	月	12		0		0	1.00×12.00	160	1920	1920	1920	1920	0	0	約僱人員1人，按每人每月160元編列。									1	201	122	0	0017				0001	吳婉齡	1020325	BGT
12-6-10	0	12115		103	12115	1	450101020		0201	003			0	0	1603	人	4	月	12		0		0	4.00×12.00	80	3840	3840	3840	3840	0	0	技工、工友及駕駛共4人，按每人每月80元編列。									1	201	122	0	0018				0001	吳婉齡	1020325	BGT
12-7-10	0	12116		103	12116	1	450101002		0201	001			0	0	1601	人	20	月	12		0		0	20.00×12.00	445	106800	106800	106800	106800	0	0	職員20人，按每人每月445元編列。									1	201	122	0	0013				0001	駱麗如	1020802	BGT
12-7-10	0	12116		103	12116	1	450101002		0201	002			0	0	1603	人	3	月	12		0		0	3.00×12.00	80	2880	2880	2880	2880	0	0	技工、工友共3人，按每人每月80元編列。									1	201	122	0	0014				0001	駱麗如	1020802	BGT
12-8-10	0	12117		103	12117	1	450101002		0201	001			0	0	1601	人	25	月	12		0		0	25.00×12.00	445	133500	133500	133500	133500	0	0	職員25人，按每人每月445元編列。									1	201	122	0	0013				0001	賴淑美	1020324	BGT
12-8-10	0	12117		103	12117	1	450101002		0201	002			0	0	1603	人	4	月	12		0		0	4.00×12.00	80	3840	3840	3840	3840	0	0	技工、工友及駕駛共4人，按每人每月80元編列。									1	201	122	0	0014				0001	賴淑美	1020324	BGT
12-9-10	0	12118		103	12118	1	450101002		0201	001			0	0	1601	人	30	月	12		0		0	30.00×12.00	445	160200	160200	160200	160200	0	0	職員30人，按每人每月445元編列。									1	201	122	0	0012				0001	黃素瓊	1020326	BGT
12-9-10	0	12118		103	12118	1	450101002		0201	002			0	0	1603	人	4	月	12		0		0	4.00×12.00	80	3840	3840	3840	3840	0	0	技工、工友及駕駛共4人，按每人每月80元編列。									1	201	122	0	0013				0001	黃素瓊	1020326	BGT
12-10-10	0	12119		103	12119	1	450101020		0201	001			0	0	1601	人	18	月	12		0		0	18.00×12.00	445	96120	96120	96120	96120	0	0	職員18人，按每人每月445元編列。									1	201	122	0	0012				0001	高瑛霞	1020319	BGT
12-10-10	0	12119		103	12119	1	450101020		0201	002			0	0	1603	人	4	月	12		0		0	4.00×12.00	80	3840	3840	3840	3840	0	0	技工、工友及駕駛共4人，按每人每月80元編列。									1	201	122	0	0013				0001	高瑛霞	1020319	BGT
12-11-10	0	12120		103	12120	1	450101002		0201	001			0	0	1601	人	30	月	12		0		0	30.00×12.00	445	160200	160200	160200	160200	0	0	職員30人，按每人每月445元編列。									1	201	122	0	0016				0001	紀素清	1020321	BGT
12-11-10	0	12120		103	12120	1	450101002		0201	002			0	0	1602	人	1	月	12		0		0	1.00×12.00	160	1920	1920	1920	1920	0	0	約僱人員1人，按每人每月160元編列。									1	201	122	0	0017				0001	紀素清	1020321	BGT
12-11-10	0	12120		103	12120	1	450101002		0201	003			0	0	1603	人	3	月	12		0		0	3.00×12.00	80	2880	2880	2880	2880	0	0	技工、工友共3人，按每人每月80元編列。									1	201	122	0	0018				0001	紀素清	1020321	BGT
12-12-10	0	12121		103	12121	1	450101002		0201	001			0	0		人	32	月	12		0		0	32.00×12.00	445	170880	170880	170880	170880	0	0	職員32人，按每人每月445元編列。									0	201	122	0	0012				0001	吳昭樺	1020802	BGT
12-12-10	0	12121		103	12121	1	450101002		0201	002			0	0	1603	人	3	月	12		0		0	3.00×12.00	80	2880	2880	2880	2880	0	0	技工、工友共3人，按每人每月80元編列。									1	201	122	0	0013				0001	吳昭樺	1020802	BGT
12-13-10	0	12122		103	12122	1	450101002		0201	001			0	0	1601	人	26	月	12		0		0	26.00×12.00	445	138840	138840	138840	138840	0	0	職員26人，按每人每月445元編列。									1	201	122	0	0012				0001	劉雪霞	1020326	BGT
12-13-10	0	12122		103	12122	1	450101002		0201	002			0	0	1603	人	5	月	12		0		0	5.00×12.00	80	4800	4800	4800	4800	0	0	技工、工友及駕駛共5人，按每人每月80元編列。									1	201	122	0	0013				0001	劉雪霞	1020326	BGT
13-1-67	0	13101		103	13101	1	520101002		0201	001			0	0	1601	人	359	月	12		0		0	359.00×12.00	445	1917060	1917060	1917060	1917060	0	0	職員359人，按每人每月445元編列。									1	201	122	0	0020				0001	游巧韻	1020321	BGT
13-1-67	0	13101		103	13101	1	520101002		0201	002			0	0	1602	人	10	月	12		0		0	10.00×12.00	160	19200	19200	19200	19200	0	0	聘用人員、駐衛警共10人，按每人每月160元編列。									1	201	122	0	0021				0001	游巧韻	1020321	BGT
13-1-67	0	13101		103	13101	1	520101002		0201	003			0	0	1603	人	9	月	12		0		0	9.00×12.00	80	8640	8640	8640	8640	0	0	駕駛、工友共9人，按每人每月80元編列。									1	201	122	0	0022				0001	游巧韻	1020321	BGT
13-2-18	0	13102		103	13102	1	520101002		0201	001			0	0	1601	人	145	月	12		0		0	145.00×12.00	445	774300	774300	774300	774300	0	0	職員145人，按每人每月445元編列。									1	201	122	0	0012				0001	陳美秀	1020328	BGT
13-2-18	0	13102		103	13102	1	520101002		0201	002			0	0	1603	人	18	月	12		0		0	18.00×12.00	80	17280	17280	17280	17280	0	0	駕駛、技工及工友共18人，按每人每月80元編列。									1	201	122	0	0013				0001	陳美秀	1020328	BGT
13-2-18	0	13102		103	13102	1	520101002		0201	003			0	0	1602	人	30	月	12		0		0	30.00×12.00	160	57600	57600	57600	57600	0	0	30名約僱人員，按每人每月160元編列。									1	201	370	0	0014				0001	陳美秀	1020328	BGT
13-3-29	0	13103		103	13103	1	520101002		0201	001			0	0	1601	人	72	月	12		0		0	72.00×12.00	445	384480	384480	384480	384480	0	0	職員72人，按每人每月445元編列。									1	201	122	0	0012				0001	吳佳玲	1020328	BGT
13-3-29	0	13103		103	13103	1	520101002		0201	002			0	0	1603	人	58	月	12		0		0	58.00×12.00	80	55680	55680	55680	55680	0	0	技工、工友及駕駛共58人，按每人每月80元編列。									1	201	122	0	0013				0001	吳佳玲	1020328	BGT
13-4-29	0	13104		103	13104	1	520101002		0201	001			0	0	1601	人	79	月	12		0		0	79.00×12.00	445	421860	421860	421860	421860	0	0	職員79人，按每人每月445元編列。									1	201	122	0	0014				0001	王敏慧	1020415	BGT
13-4-29	0	13104		103	13104	1	520101002		0201	002			0	0	1603	人	32	月	12		0		0	32.00×12.00	80	30720	30720	30720	30720	0	0	技工、駕駛及工友共32人，按每人每月80元編列。									1	201	122	0	0015				0001	王敏慧	1020415	BGT
13-5-33	0	13105		103	13105	1	520101020		0201	001			0	0	1601	人	104	月	12		0		0	104.00×12.00	445	555360	555360	555360	555360	0	0	職員104人，按每人每月445元編列。									1	201	122	0	0014				0001	陳慧琪	1020411	BGT
13-5-33	0	13105		103	13105	1	520101020		0201	002			0	0	1603	人	49	月	12		0		0	49.00×12.00	80	47040	47040	47040	47040	0	0	技工、駕駛及工友共49人，按每人每月80元編列。									1	201	122	0	0015				0001	陳慧琪	1020411	BGT
14-1-41	0	14101		103	14101	1	340101002		0201	001			0	0	1601	人	246	月	12		0		0	246.00×12.00	445	1313640	1313640	1313640	1313640	0	0	職員246人，按每人每月445元編列。									1	201	122	0	0016				0001	周益春	1020829	BGT
14-1-41	0	14101		103	14101	1	340101002		0201	002			0	0	1602	人	10	月	12		0		0	10.00×12.00	160	19200	19200	19200	23040	0	0	駐衛警10人，按每人每月160元編列。								依標準減列	1	201	122	0	0017				0001	周益春	1020829	BGT
14-1-41	0	14101		103	14101	1	340101002		0201	003			0	0	1603	人	56	月	12		0		0	56.00×12.00	80	53760	53760	53760	58560	0	0	技工、駕駛及工友共56人，按每人每月80 元編列。								依標準減列	1	201	122	0	0018				0001	周益春	1020829	BGT
14-2-20	0	14102		103	14102	1	340101002		0201	001			0	0	1601	人	88	月	12		0		0	88.00×12.00	445	469920	469920	469920	469920	0	0	職員88人，按每人每月445元編列。									1	201	122	0	0014				0001	高俐玲	1020416	BGT
14-2-20	0	14102		103	14102	1	340101002		0201	002			0	0	1602	人	2	月	12		0		0	2.00×12.00	160	3840	3840	3840	3840	0	0	聘用人員共2人，按每人每月160元編列。									1	201	122	1	0015				0001	高俐玲	1020416	BGT
14-2-20	0	14102		103	14102	1	340101002		0201	003			0	0	1603	人	7	月	12		0		0	7.00×12.00	80	6720	6720	6720	6720	0	0	技工、工友及駕駛共7人，按每人每月80元編列。									1	201	122	0	0016				0001	高俐玲	1020416	BGT
14-3-43	0	14103		103	14103	1	320101002		0201	001			0	0	1601	人	293	月	12		0		0	293.00×12.00	445	1564620	1564620	1564620	1564620	0	0	職員293人,按每人每月445元編列。									1	201	122	0	0015				0001	許家碩	1020829	BGT
14-3-44	0	14103		103	14103	1	320101002		0201	002			0	0	1603	人	207	月	12		0		0	207.00×12.00	80	198720	198720	198720	213120	0	0	技工、工友及駕駛共207人,按每人每月80元編列。								核實減列	1	201	122	0	0016				0001	許家碩	1020829	BGT
14-3-44	0	14103		103	14103	1	320101002		0201	003			0	0	1602	人	25	月	12		0		0	25.00×12.00	160	48000	48000	48000	48000	0	0	約聘僱人員25人，按每人每月160元編列。									1	201	122	0	0017				0001	許家碩	1020829	BGT
15-1-47	0	15101		103	15101	1	220101002		0201	001			0	0	1601	人	79	月	12		0		0	79.00×12.00	445	421860	421860	421860	421860	0	0	職員79人，按每人每月445元編列。									1	201	122	0	0021				0001	陳祥年	1020502	BGT
15-1-47	0	15101		103	15101	1	220101002		0201	002			0	0	1602	人	46	月	12		0		0	46.00×12.00	160	88320	88320	88320	88320	0	0	聘僱人員46人，按每人每月160元編列。									1	201	122	0	0022				0001	陳祥年	1020502	BGT
15-1-47	0	15101		103	15101	1	220101002		0201	003			0	0	1603	人	9	月	12		0		0	9.00×12.00	80	8640	8640	8640	8640	0	0	技工、工友及駕駛9人，按每人每月80元編列。									1	201	122	0	0023				0001	陳祥年	1020502	BGT
15-2-16	0	15102		103	15102	1	220101002		0201	001			0	0	1601	人	9	月	12		0		0	9.00×12.00	445	48060	48060	48060	48060	0	0	職員9人，按每人每月445元編列。									1	201	122	0	0011				0001	翁平允	1020505	BGT
15-2-16	0	15102		103	15102	1	220101002		0201	002			0	0	1602	人	7	月	12		0		0	7.00×12.00	160	13440	13440	13440	13440	0	0	駐衛警7人，按每人每月160元編列。									1	201	122	0	0012				0001	翁平允	1020505	BGT
15-2-16	0	15102		103	15102	1	220101002		0201	003			0	0	1603	人	30	月	12		0		0	30.00×12.00	80	28800	28800	28800	28800	0	0	技工30人，按每人每月80元編列。									1	201	122	0	0013				0001	翁平允	1020505	BGT
15-3-12	0	15103		103	15103	1	220101002		0201	001			0	0	1601	人	11	月	12		0		0	11.00×12.00	445	58740	58740	58740	58740	0	0	職員11人，按每人每月445元編列。									1	201	122	0	0012				0001	李仁鼎	1020505	BGT
15-3-12	0	15103		103	15103	1	220101002		0201	002			0	0	1603	人	3	月	12		0		0	3.00×12.00	80	2880	2880	2880	2880	0	0	技工、工友及駕駛3人，按每人每月80元編列。									1	201	122	0	0013				0001	李仁鼎	1020505	BGT
15-4-27	0	15104		103	15104	1	220101002		0201	001			0	0		人	80	月	12		0		0	80.00×12.00	445	427200	427200	427200	427200	0	0	職員80人，按每人每月445元編列。									0	201	122	0	0014				0001	蘇嘉瑩	1020411	BGT
15-4-27	0	15104		103	15104	1	220101002		0201	002			0	0		人	32	月	12		0		0	32.00×12.00	160	61440	61440	61440	61440	0	0	聘僱人員6人、駐警26人，按每人每月160元編列。									0	201	122	0	0015				0001	蘇嘉瑩	1020411	BGT
15-4-27	0	15104		103	15104	1	220101002		0201	003			0	0		人	32	月	12		0		0	32.00×12.00	80	30720	30720	30720	30720	0	0	技工、工友及駕駛32人，按每人每月80元編列。									0	201	122	0	0016				0001	蘇嘉瑩	1020411	BGT
15-5-14	0	15105		103	15105	1	220101002		0201	001			0	0		人	107	月	12		0		0	107.00×12.00	445	571380	571380	571380	571380	0	0	職員107人，按每人每月445元編列。									0	201	122	0	0011				0001	黃仁勇	1020502	BGT
15-5-14	0	15105		103	15105	1	220101002		0201	002			0	0		人	9	月	12		0		0	9.00×12.00	80	8640	8640	8640	8640	0	0	技工、工友及駕駛9人，按每人每月80元編列。									0	201	122	0	0012				0001	黃仁勇	1020502	BGT
15-6-27	0	15106		103	15106	1	220101002		0201	001			0	0	1601	人	71	月	12		0		0	71.00×12.00	445	379140	379140	379140	379140	0	0	職員71人，按每人每月445元編列。									1	201	122	0	0011				0001	莊婷婷	1020328	BGT
15-6-27	0	15106		103	15106	1	220101002		0201	002			0	0	1603	人	5	月	12		0		0	5.00×12.00	80	4800	4800	4800	4800	0	0	工友及駕駛5人，按每人每月80元編列。									1	201	122	0	0012				0001	莊婷婷	1020328	BGT
15-7-25	0	15107		103	15107	1	220101002		0201	001			0	0	1601	人	31	月	12		0		0	31.00×12.00	445	165540	165540	165540	165540	0	0	職員31人，按每人每月445元編列。									1	201	122	0	0012				0001	吳淑鈴	1020502	BGT
15-7-25	0	15107		103	15107	1	220101002		0201	002			0	0	1602	人	25	月	12		0		0	25.00×12.00	160	48000	48000	48000	49920	0	0	約聘僱人員16人及駐衛警9人共計25人，按每人每月160元編列。								駐衛警退休	1	201	122	0	0013				0001	吳淑鈴	1020502	BGT
15-7-25	0	15107		103	15107	1	220101002		0201	003			0	0	1603	人	17	月	12		0		0	17.00×12.00	80	16320	16320	16320	16320	0	0	技工、工友及駕駛共17人，按每人每月80元編列。									1	201	122	0	0014				0001	吳淑鈴	1020502	BGT
16-1-47	0	16101		103	16101	1	130101200		0201	001			0	0	1601	人	1700	月	12		0		0	1700.00×12.00	445	9078000	9078000	9078000	9078000	0	0	職員1,700人，按每人每月445元編列。									1	201	122	0	0018				0001	利玉琴	1020408	BGT
16-1-47	0	16101		103	16101	1	130101200		0201	003			0	0	1603	人	46	月	12		0		0	46.00×12.00	80	44160	44160	44160	44160	0	0	駕駛、技工、工友共46人，按每人每月80元編列。									1	201	122	0	0019				0001	利玉琴	1020408	BGT
17-1-28	0	17101		103	17101	1	320101002		0201	001			0	0	1601	人	71	月	12		0		0	71.00×12.00	445	373800	379140	379140	373800	0	0	本局職員71人，按每人每月445元編列。									1	201	122	0	0014				0001	黃俊智、謝睿騰	1020731	BGT
17-1-28	0	17101		103	17101	1	320101002		0201	002			0	0	1602	人	26	月	12		0		0	26.00×12.00	160	49920	49920	49920	49920	0	0	本局駐衛警26人，按每人每月160元編列。									1	201	122	0	0015				0001	黃俊智、謝睿騰	1020422	BGT
17-1-29	0	17101		103	17101	1	320101002		0201	003			0	0	1603	人	38	月	12		0		0	38.00×12.00	80	38400	36480	36480	38400	0	0	本局工友、技工、駕駛共38人，按每人每月80元編列。									1	201	122	0	0016				0001	黃俊智、謝睿騰	1020731	BGT
18-1-42	0	18111		103	18111	1	340101020		0201	001			0	0	1601	人	115	月	12		0		0	115.00×12.00	445	614100	614100	614100	619440	0	0	職員115人，按每人每月445元編列。								覈實減列。	1	201	122	0	0022				0001	徐慧錚	1020503	BGT
18-1-43	0	18111		103	18111	1	340101020		0201	002			0	0	1602	人	29	月	12		0		0	29.00×12.00	160	55680	55680	55680	55680	0	0	約聘僱人員29人，按每人每月160元編列。									1	201	122	0	0023				0001	徐慧錚	1020402	BGT
18-1-43	0	18111		103	18111	1	340101020		0201	003			0	0	1603	人	16	月	12		0		0	16.00×12.00	80	15360	15360	15360	15360	0	0	技工、工友及駕駛16人，按每人每月80元編列。									1	201	122	0	0024				0001	徐慧錚	1020402	BGT
18-2-12	0	18112		103	18112	1	220101020		0201	001			0	0		人	34	月	12		0		0	34.00×12.00	445	181560	181560	181560	181560	0	0	職員34人，按每人每月445元編列。									0	201	122	0	0011				0001	詹又文	1020328	BGT
18-2-12	0	18112		103	18112	1	220101020		0201	002			0	0	1602	人	2	月	12		0		0	2.00×12.00	160	3840	3840	3840	3840	0	0	約聘僱人員2人，按每人每月160元編列。									1	201	122	0	0012				0001	詹又文	1020328	BGT
18-2-12	0	18112		103	18112	1	220101020		0201	003			0	0	1603	人	3	月	12		0		0	3.00×12.00	80	2880	2880	2880	2880	0	0	技工、工友3人，按每人每月80元編列。									1	201	122	0	0013				0001	詹又文	1020425	BGT
19-1-40	0	19101		103	19101	1	130101002		0201	001			0	0	1601	人	158	月	12		0		0	158.00×12.00	445	843720	843720	843720	843720	0	0	本局職員158人，按每人每月445元編列。									1	201	122	0	0018				0001	陳招治	1020404	BGT
19-1-40	0	19101		103	19101	1	130101002		0201	002			0	0	1602	人	25	月	12		0		0	25.00×12.00	160	48000	48000	48000	48000	0	0	本局約聘僱人員25人，按每人每月160元編列。									1	201	122	0	0019				0001	陳招治	1020407	BGT
19-1-40	0	19101		103	19101	1	130101002		0201	003			0	0	1603	人	19	月	12		0		0	19.00×12.00	80	18240	18240	18240	18240	0	0	本局技工、工友及駕駛19人，按每人每月80元編列。									1	201	122	0	0020				0001	陳招治	1020404	BGT
19-2-23	0	19102		103	19102	1	130101002		0201	001			0	0	1601	人	110	月	12		0		0	110.00×12.00	445	587400	587400	587400	587400	0	0	本總隊職員110人，按每人每月445元編列。									1	201	122	0	0013				0001	黃進能	1020329	BGT
19-2-23	0	19102		103	19102	1	130101002		0201	002			0	0	1603	人	60	月	12		0		0	60.00×12.00	80	57600	57600	57600	57600	0	0	本總隊技工、工友、駕駛共60人，按每人每月80元編列。									1	201	122	0	0014				0001	黃進能	1020329	BGT
19-3-28	0	19111		103	19111	1	130101002		0201	001			0	0	1601	人	91	月	12		0		0	91.00×12.00	445	485940	485940	485940	485940	0	0	本所職員91人，按每人每月445元編列。									1	201	122	0	0012				0001	楊國慶	1020408	BGT
19-3-28	0	19111		103	19111	1	130101002		0201	002			0	0	1603	人	47	月	12		0		0	47.00×12.00	80	45120	45120	45120	45120	0	0	本所技工、工友及駕駛47人，按每人每月80元編列。									1	201	122	0	0013				0001	楊國慶	1020408	BGT
19-4-30	0	19112		103	19112	1	130101002		0201	001			0	0	1601	人	74	月	12		0		0	74.00×12.00	445	395160	395160	395160	395160	0	0	本所職員74人，按每人每月445元編列。									1	201	122	0	0012				0001	王珠雀	1020318	BGT
19-4-30	0	19112		103	19112	1	130101002		0201	002			0	0	1603	人	36	月	12		0		0	36.00×12.00	80	34560	34560	34560	34560	0	0	本所技工、駕駛及工友36人，按每人每月80元編列。									1	201	122	0	0013				0001	王珠雀	1020318	BGT
19-5-30	0	19113		103	19113	1	130101002		0201	001			0	0	1601	人	89	月	12		0		0	89.00×12.00	445	475260	475260	475260	475260	0	0	本所職員89人，按每人每月445元編列。									1	201	122	0	0012				0001	周谷峰	1020319	BGT
19-5-30	0	19113		103	19113	1	130101002		0201	002			0	0	1603	人	49	月	12		0		0	49.00×12.00	80	47040	47040	47040	47040	0	0	本所技工、工友及駕駛49人，按每人每月80元編列。									1	201	122	0	0013				0001	周谷峰	1020319	BGT
19-6-28	0	19114		103	19114	1	130101002		0201	001			0	0	1601	人	72	月	12		0		0	72.00×12.00	445	384480	384480	384480	384480	0	0	本所職員72人，按每人每月445元編列。									1	201	122	0	0013				0001	劉耀祖	1020319	BGT
19-6-28	0	19114		103	19114	1	130101002		0201	002			0	0	1603	人	34	月	12		0		0	34.00×12.00	80	32640	32640	32640	32640	0	0	本所技工、工友及駕駛34人，按每人每月80元編列。									1	201	122	0	0014				0001	劉耀祖	1020319	BGT
19-7-28	0	19115		103	19115	1	130101002		0201	001			0	0	1601	人	72	月	12		0		0	72.00×12.00	445	384480	384480	384480	384480	0	0	本所職員72人，按每人每月445元編列。									1	201	122	0	0012				0001	吳俊明	1020326	BGT
19-7-28	0	19115		103	19115	1	130101002		0201	002			0	0		人	29	月	12		0		0	29.00×12.00	80	27840	27840	27840	27840	0	0	本所技工、駕駛、工友29人，按每人每月80元編列。									0	201	122	0	0013				0001	吳俊明	1020510	BGT
19-8-28	0	19116		103	19116	1	130101002		0201	001			0	0	1601	人	88	月	12		0		0	88.00×12.00	445	469920	469920	469920	469920	0	0	本所職員88人，按每人每月445元編列。									1	201	122	0	0012				0001	劉鶯娟	1020507	BGT
19-8-28	0	19116		103	19116	1	130101002		0201	002			0	0	1603	人	52	月	12		0		0	52.00×12.00	80	49920	49920	49920	49920	0	0	本所技工、駕駛、工友52人，按每人每月80元編列。									1	201	122	0	0013				0001	劉鶯娟	1020507	BGT
20-1-21	0	20101		103	20101	1	130101002		0201	001			0	0	1601	人	74	月	12		0		0	74.00×12.00	445	395160	395160	395160	395160	0	0	職員74人，按每人每月445元編列。									1	201	122	0	0021				0001	陳邱麗容	1020403	BGT
20-1-21	0	20101		103	20101	1	130101002		0201	002			0	0	1602	人	6	月	12		0		0	6.00×12.00	160	11520	11520	11520	11520	0	0	約僱人員3人及駐衛警3人，按每人每月160元編列。									1	201	122	0	0022				0001	陳邱麗容	1020403	BGT
20-1-21	0	20101		103	20101	1	130101002		0201	003			0	0	1603	人	22	月	12		0		0	22.00×12.00	80	21120	21120	21120	23040	0	0	技工、工友及駕駛22人，按每人每月 80元編列。								核實減列。	1	201	122	0	0023				0001	陳邱麗容	1020403	BGT
22-1-46	0	22101		103	22101	1	220101002		0201	001			0	0	1601	人	89	月	12		0		0	89.00×12.00	445	485940	475260	475260	357780	0	0	職員89人，按每人每月445元編列。									1	201	122	0	0021				0001	莊裕智	1020730	BGT
22-1-46	0	22101		103	22101	1	220101002		0201	002			0	0	1602	人	32	月	12		0		0	32.00×12.00	160	67200	61440	61440	72960	0	0	駐衛警14人、約僱18人共32人，按每人每月160元編列。									1	201	122	0	0022				0001	莊裕智	1020730	BGT
22-1-46	0	22101		103	22101	1	220101002		0201	003			0	0	1603	人	42	月	12		0		0	42.00×12.00	80	40320	40320	40320	40320	0	0	技工、工友及駕駛共42名，按每人每月80元編列。									1	201	122	0	0023				0001	莊裕智	1020518	BGT
23-1-27	0	23101		103	23101	1	120101002		0201	001			0	0	1601	人	91	月	12		0		0	91.00×12.00	445	485940	485940	485940	448560	0	0	職員91人，按每人每月445元編列。									1	201	122	0	0016				0001		1020514	BGT
23-1-27	0	23101		103	23101	1	120101002		0201	002			0	0	1603	人	6	月	12		0		0		80	5760	5760	5760	5760	0	0	技工1人、駕駛2人、工友3人，按每人每月 80元編列。									1	201	122	0	0017				0001		1020501	BGT
23-1-27	0	23101		103	23101	1	120101002		0201	003			0	0	1602	人	17	月	12		0		0	17.00×12.00	160	28800	32640	32640	36480	0	0	約聘6人、約僱11人，按每人每月160元編列。								新增2人	1	201	122	0	0018				0001		1020731	BGT
24-1-27	0	24101		103	24101	1	120101002		0201	001			0	0	1601	人	82	月	12		0		0	82.00×12.00	445	437880	437880	437880	437880	0	0	職員82人，每人每月445元，全年共計如列數。									1	201	122	0	0018				0001	郭惠雯	1020507	BGT
24-1-27	0	24101		103	24101	1	120101002		0201	002			0	0	1603	人	10	月	12		0		0	10.00×12.00	80	9600	9600	9600	10560	0	0	技工、工友及駕駛共10人，每人每月80元，全年共計如列數。								核實減列	1	201	122	0	0019				0001	郭惠雯	1020522	BGT
24-1-27	0	24101		103	24101	1	120101002		0201	003			0	0	1602	人	31	月	12		0		0	31.00×12.00	160	59520	59520	59520	59520	0	0	約聘僱人員31人，每人每月160元，全年共計如列數。									1	201	122	0	0020				0001	郭惠雯	1020507	BGT
